order_id,order_date,customer_id,amount,currency
1128d6e5-aebf-4f02-85e3-9704ac23615f,2025-03-20 03:46:05,5338,236.24,USD
f501e0f0-38a4-4be8-9615-0e5265197777,2025-01-25 19:23:59,7640,198.54,USD
d83928b3-7c7d-4cf4-ba37-bc5cbbb1dfe2,2025-03-17 16:44:27,5481,285.07,USD
654ebca4-e08c-4255-8025-602bf7fa487a,2025-02-20 18:25:23,1899,31.21,USD
8290f8c6-bf90-471b-a46a-f559a8e531df,2025-04-01 11:32:10,7101,452.65,USD
cbc1d2b5-8ac8-4df4-937b-849c4fb6da8f,2025-01-12 11:28:52,4288,452.53,USD
daf0a882-a740-4b62-9536-2d7c5c76e58d,2025-01-28 02:33:18,1125,434.47,USD
a217e8ca-ee8f-40e3-9ff6-657906738395,2025-01-27 11:56:13,5125,478.35,USD
f87f4b8f-aad5-456d-8374-ef19c160bf6b,2025-02-17 02:05:16,9471,36.85,USD
0315f522-a361-43fd-a791-21b0f3fa9695,2025-02-11 10:20:18,3937,211.61,USD
fce1d1ea-f83e-466c-9d42-aed0709fcbf7,2025-02-24 05:08:54,7741,159.11,USD
fcbbb6e0-7133-44a4-8e80-0bd48c21ec1a,2025-01-03 19:41:45,8936,202.71,USD
b4055dd2-22d9-44c3-a4b4-f5cf962cb3fd,2025-02-07 09:18:19,7612,410.07,USD
705360ec-c0e7-4362-9ada-4744b8377745,2025-01-18 17:20:50,4637,340.81,USD
f3bb86d2-1b9d-4982-be79-dbe7f15e3d0a,2025-02-28 07:44:12,8372,305.75,USD
86cf9363-1ab9-4b0e-9bd6-567cec623c4d,2025-01-14 02:14:07,7719,482.34,USD
02a90e00-d713-4925-9436-998ca8a78002,2025-01-23 07:08:53,2926,332.65,USD
eda18bc5-53a9-4b0d-8b6f-bd55c7075fcb,2025-01-10 22:12:32,8196,411.77,USD
82268990-8a0b-4d4a-9b2d-4a8c1778d77f,2025-01-12 09:47:47,5763,106.61,USD
da033900-50d1-4de2-a82e-dee196baeb63,2025-03-13 02:53:57,2455,57.75,USD
514d5a71-a8b5-4fba-bf70-3fcac38f94ca,2025-01-10 01:35:46,9573,121.23,USD
4a813335-5a0b-4425-89f2-d52e77729629,2025-01-18 05:21:56,2575,256.01,USD
c58cc56a-6c5d-4fe5-92af-1734fc6ca621,2025-03-22 02:16:56,9349,51.3,USD
54178c61-5914-4b1b-9539-8d83c5f21cc9,2025-02-11 14:26:45,4460,89.92,USD
0fd21980-5979-4740-99a0-dbf19df03dfa,2025-02-24 11:17:41,3434,352.31,USD
b5b93d3d-5493-444c-9cc2-7ca4d4a895bd,2025-01-31 21:18:53,9201,284.98,USD
6729e8f7-d147-4a11-ac4c-7f58e431b0b0,2025-02-05 15:35:58,8104,213.51,USD
9493f62c-1a51-4b9e-83a4-128ff8999a9b,2025-02-14 17:28:30,2231,213.43,USD
6c4afb64-0675-4f9b-866e-65bc3ba5c215,2025-03-25 02:10:00,8223,144.72,USD
e14abfd2-9d70-4658-8aec-4dad72e04522,2025-03-01 15:34:04,3192,109.92,USD
6dd25b46-ab74-4453-8aeb-8f2deeee85d0,2025-03-29 21:47:18,3189,454.36,USD
ab42783e-a1c0-45a0-9534-9138c113584d,2025-03-27 00:54:56,6149,83.64,USD
5fc14fc1-70fe-4ad8-85ca-d6c04b34196d,2025-02-16 22:03:58,8291,162.82,USD
c6306836-093d-4da3-a13b-073f4d842c98,2025-03-05 23:47:34,8767,383.57,USD
193b78ee-58ff-4423-b664-3e2cc8747a40,2025-02-02 18:54:36,7815,116.99,USD
e49052a2-e93a-44bd-9b05-adbd827d5f51,2025-03-05 23:05:55,6720,136.2,USD
3cfc837b-74ef-4dd0-9ef0-936e150de1d2,2025-02-21 08:14:57,7738,395.25,USD
613618e0-a8bb-49c6-a320-f78339e242d6,2025-03-14 11:34:39,2308,298.12,USD
f8591089-a252-419f-9e95-84a82f425200,2025-02-22 11:56:20,8485,336.41,USD
7f09df16-d22a-4fc9-ba84-01d2a9bc7a20,2025-02-08 10:25:35,4501,327.81,USD
f87ca6f4-93ff-4c5c-b8ae-c9d2e90bc56b,2025-01-06 14:07:46,1043,390.34,USD
f458c3eb-9487-4626-910d-b4cd5b0d11c5,2025-03-27 22:26:24,1596,163.08,USD
0ef4a766-183a-4403-b183-6a619abe5345,2025-03-22 23:36:47,6027,255.52,USD
58821f19-6a8a-4572-b3ed-2cf82fc626ae,2025-01-25 01:16:22,8420,151.64,USD
c440fa17-e51c-4e09-bc1d-adc8fbafb3cf,2025-02-08 17:05:27,7487,50.73,USD
f0a9a09e-dfbe-4a22-ae35-ba8a88d37c9d,2025-01-02 07:13:29,6065,93.58,USD
ccda9df1-19fd-4803-8a6c-25358dac1b47,2025-02-19 13:13:10,1522,277.8,USD
ce968024-c053-4318-9c4b-7841c821b0fa,2025-01-14 17:03:30,9597,120.55,USD
d266c641-3a5a-4658-8d01-24f7226e0e34,2025-02-18 21:16:43,5739,342.54,USD
e9827b45-6540-470f-abd1-9f6b4aad4c9b,2025-03-09 04:36:32,8899,289.21,USD
b1e826f6-4ed6-4e4c-8a75-e091a8039e6b,2025-03-27 12:25:43,5080,198.13,USD
8dbc9988-d7b2-4dd0-a149-224eaa639fb5,2025-03-22 14:14:07,2112,230.22,USD
b79230b5-c171-4095-a883-09f986751951,2025-02-17 02:31:16,2710,254.2,USD
e3d6037f-c545-4ecc-a3c2-e0c61da3751c,2025-02-22 07:15:19,9170,100.03,USD
f927ec35-e7f1-44f2-8edb-e7d7402f4075,2025-01-23 22:05:53,8213,27.72,USD
6660fe6b-4a98-4465-8fad-1f0caf8c2462,2025-03-29 20:10:20,3474,458.47,USD
b3bea885-7636-4175-8d1b-39cc87796404,2025-02-25 06:47:01,2524,408.8,USD
defdd54d-ac65-4157-b4a1-abcdc09fbbab,2025-01-30 05:42:01,3870,450.41,USD
5191bd74-2c5f-4217-91d3-2c771fba1a15,2025-03-03 03:27:11,1675,129.26,USD
7b6d0a5e-2da9-4c9a-a298-6dae741c9dd7,2025-02-24 17:21:43,7472,246.47,USD
8d98cce4-bfd3-4971-affd-92934336043c,2025-02-16 21:14:06,7152,421.23,USD
1b53277f-782c-4bce-bb2a-81317403b623,2025-03-07 11:37:52,2715,256.03,USD
c926d273-04ab-4238-8775-31715c27a9ef,2025-01-05 11:56:16,1996,186.46,USD
a1b4db54-79b2-4797-b29d-fdf17b6f3124,2025-03-22 01:00:48,5097,76.18,USD
0f2c0bfc-785d-4a54-9d84-29db42da8230,2025-02-04 07:56:07,3122,78.07,USD
fa55b569-2383-4531-8a66-5f6d5724a1e3,2025-01-31 00:00:51,4404,293.4,USD
07df081a-ed78-45dd-8d45-37e6c785b9d9,2025-01-06 15:06:13,1632,350.2,USD
c100da07-d3ee-4f22-a479-e7e61c5d4d67,2025-02-07 04:01:20,2547,171.42,USD
596e360e-cc86-4d1e-adbb-96a0b5bdd4d4,2025-03-10 15:52:25,1227,439.32,USD
7655f90e-e218-4d41-8343-51bd73962a05,2025-01-21 05:33:32,9728,393.29,USD
e58fa501-3424-406a-952d-bea0d1288a3e,2025-01-16 07:00:53,8741,145.96,USD
c561cb2e-9882-4587-87c6-eadca97e4ef1,2025-01-28 09:20:13,5970,485.76,USD
3324d256-ef0c-4854-a150-f12ff0834720,2025-01-05 16:40:11,3640,453.94,USD
43a50c1c-cf00-427b-92e3-f75a300632cf,2025-04-01 01:32:51,9113,302.81,USD
ff50e2f3-adce-42c8-a2a4-a89d8ccfde70,2025-01-09 14:20:51,8204,308.07,USD
2d3501aa-9b4e-40c1-8345-51695b4ca397,2025-03-13 21:29:13,5082,436.8,USD
f80528bb-623b-4081-a6d9-5ae5ad2e0d19,2025-03-28 02:51:37,3845,188.56,USD
cef83886-c56a-44f3-9a04-0594cc1196c7,2025-02-12 20:54:51,1007,376.86,USD
3619306c-6bb1-4cb6-8d0c-cf6d5e4966ca,2025-02-08 18:00:57,2183,298.24,USD
68606710-9ee8-4c1f-b7c4-65fed3ea546f,2025-03-01 14:52:46,7241,36.87,USD
7fbb5f13-7fcc-4c65-a803-e24c9bd5dc85,2025-01-22 08:35:43,3458,419.38,USD
5ee20bf9-01c0-4ba3-98e3-e77a65477f13,2025-03-28 11:38:27,3532,439.05,USD
43d98318-4a47-492a-a432-9094d5c204d9,2025-01-09 20:01:24,5178,244.05,USD
fb8e8e04-57db-4074-8b8f-d67281e53e2f,2025-03-05 21:12:12,7282,462.23,USD
f2451b4b-b650-4ac2-bf75-908a421a4f19,2025-02-12 12:01:38,1436,302.58,USD
8d5ee92c-5d16-4992-acb8-86f9513b7714,2025-02-09 14:25:39,7029,207.03,USD
1b74a3ed-11b2-4323-8367-46bbb118d192,2025-03-10 09:48:40,8354,294.37,USD
c513dd08-8624-4408-ab67-967eab133efe,2025-03-22 19:12:09,4595,309.48,USD
85aa8331-c3c1-4e80-8011-520b834e8a50,2025-03-11 14:00:53,4735,375.59,USD
cef1eda3-e0b7-4efe-84a5-4683984d0146,2025-04-02 03:12:55,3924,140.48,USD
25bee336-ec89-48a2-8f98-4bcd6de16bfa,2025-01-16 04:20:47,7977,138.55,USD
e3317bb5-bdbd-4b16-85b9-0bbae6824afc,2025-02-09 21:21:32,5745,277.49,USD
3851f088-fe59-42a1-8985-406d0302968f,2025-03-20 22:59:29,8321,316.07,USD
87ff065b-aedf-4b36-b382-85c1d27e61c0,2025-02-25 04:34:01,9883,452.97,USD
decb5679-8d58-4d28-9c19-304b58b34a9e,2025-02-26 06:23:00,8436,69.58,USD
2bd61c07-3c6d-490d-9071-c67a07da31df,2025-01-12 09:24:08,1559,63.89,USD
dc6d3059-3f11-448b-a3eb-f3f56d56ca9b,2025-03-02 22:54:42,8142,67.96,USD
a1d26cf9-0c84-4541-a8a0-ca2b04a1af3e,2025-01-05 14:00:25,9151,35.94,USD
6cf3a2a2-3a29-4770-8507-3e301981b807,2025-02-18 11:12:42,6086,208.19,USD
ef9da4f1-f9e1-41cd-b7af-3f9255bfc819,2025-02-25 11:22:26,9857,125.05,USD
